{"pontos":[],"retas":[],"circulos":[],"triangulos":[{"nome":"(389, 304) - TRIANGLE","pontos":[[0.4470588235294118,0.2627450980392157],[0.8176470588235294,0.2676470588235294],[0.5720588235294117,0.596078431372549]],"cor":[0,0,0],"esp":1}]}