{"pontos":[{"nome":"(175, 127) - POINT","coord":[0.25735294117647056,0.24901960784313726],"cor":[0,0,0],"esp":5},{"nome":"(334, 135) - POINT","coord":[0.49117647058823527,0.2647058823529412],"cor":[0,0,0],"esp":5}],"retas":[{"nome":"(354, 213) - LINE","pontos":[[0.28823529411764703,0.4235294117647059],[0.5205882352941177,0.31323529411764706]],"cor":[0,0,0],"esp":5},{"nome":"(346, 282) - LINE","pontos":[[0.275,0.5529411764705883],[0.5088235294117647,0.4147058823529412]],"cor":[0,0,0],"esp":5}],"circulos":[{"nome":"(571, 120) - CIRCLE","centro":[0.65,0.23529411764705882],"raio":129.0,"cor":[0,0,0],"esp":5},{"nome":"(464, 392) - CIRCLE","centro":[0.8897058823529411,0.5568627450980392],"raio":177.0,"cor":[0,0,0],"esp":5}]}