{"pontos":[{"nome":"ponto1","coord":[0.32292917166866747,0.28109854604200324],"cor":[0,0,0],"esp":1}],"retas":[{"nome":"reta1","pontos":[[0.24229703886356466,0.21105879773776556],[0.24229469699044082,0.21101671360081012]],"cor":[0,0,0],"esp":1}],"circulos":[],"triangulos":[],"retangulos":[],"poligonos":[]}