{"pontos":[{"nome":"ponto1","coord":[0.09003601440576231,0.2859450726978998],"cor":[0,0,0],"esp":1},{"nome":"ponto2","coord":[0.4381752701080432,0.32310177705977383],"cor":[0,0,0],"esp":1}],"retas":[],"circulos":[],"triangulos":[],"retangulos":[{"nome":"retangulo1","pontos":[[0.30612244897959184,0.2520193861066236],[0.6746698679471789,0.18578352180936994]],"cor":[0,0,0],"esp":15}],"poligonos":[]}