{"pontos":[],"retas":[{"nome":"reta1","pontos":[[0.20528211284513806,0.2827140549273021],[0.20768307322929172,-0.011308562197092083]],"cor":[0,0,0],"esp":1}],"circulos":[],"triangulos":[],"retangulos":[],"poligonos":[]}