{"pontos":[{"nome":"ponto1","coord":[0.42737094837935174,0.27948303715670436],"cor":[0,0,0],"esp":1}],"retas":[{"nome":"reta1","pontos":[[0.16206482593037227,0.29079159935379645],[0.297719087635054,0.27463651050080773]],"cor":[0,0,0],"esp":1}],"circulos":[],"triangulos":[],"retangulos":[],"poligonos":[]}