{"pontos":[{"nome":"ponto1","coord":[0.5558223289315727,0.3441033925686591],"cor":[0,0,0],"esp":1}],"retas":[],"circulos":[],"triangulos":[],"retangulos":[{"nome":"retangulo1","pontos":[[0.5561105594698864,0.3448524249597428],[0.720773783703157,0.16200500572866236]],"cor":[0,0,0],"esp":1}],"poligonos":[]}