{"pontos":[{"nome":"ponto1","coord":[0.2581032412965186,0.2940226171243942],"cor":[0,0,0],"esp":1}],"retas":[],"circulos":[],"triangulos":[{"nome":"triangulo1","pontos":[[0.2581032412965186,0.2940226171243942],[0.2581032412965186,0.2940226171243942],[0.2581032412965186,0.2940226171243942]],"cor":[0,0,0],"esp":1}],"retangulos":[],"poligonos":[]}