{"pontos":[{"nome":"ponto1","coord":[0.4117647058823529,0.2730210016155089],"cor":[0,0,0],"esp":1}],"retas":[{"nome":"reta1","pontos":[[0.4117647058823529,0.2730210016155089],[0.4117647058823529,0.2730210016155089]],"cor":[0,0,0],"esp":1}],"circulos":[],"triangulos":[],"retangulos":[],"poligonos":[]}