{"pontos":[{"nome":"ponto1","coord":[0.39735894357743096,0.42326332794830374],"cor":[0,0,0],"esp":1}],"retas":[],"circulos":[],"triangulos":[],"retangulos":[],"poligonos":[{"nome":"poligono1","pontos":[[0.39783606200255484,0.42394812551938343],[0.5061388424807253,0.24566751317632834],[0.5651036896299515,0.49850183613557014],[0.441454229846038,0.5291965049562488]],"cor":[0,0,0],"esp":1}]}