{"pontos":[{"nome":"ponto1","coord":[0.46938775510204084,0.38126009693053314],"cor":[0,0,0],"esp":1}],"retas":[],"circulos":[],"triangulos":[],"retangulos":[],"poligonos":[{"nome":"poligono1","pontos":[[0.31392557022809126,0.3651050080775444],[0.41116446578631455,0.3408723747980614],[0.38115246098439376,0.4491114701130856],[0.3247298919567827,0.45153473344103395]],"cor":[0,0,0],"esp":1}]}