{
  "pontos": [],
  "retas": [],
  "circulos": [],
  "triangulos": [],
  "retangulos": [],
  "poligonos": [
    {
      "nome": "(216, 301) - POLYGON",
      "pontos": [
        [0.297719087635054, 0.2924071082390953],
        [0.5966386554621849, 0.31017770597738287],
        [0.460984393757503, 0.6817447495961227],
        [0.25930372148859543, 0.4862681744749596]
      ],
      "cor": [0, 0, 0],
      "esp": 2
    }
  ]
}
